date,temperature,humidity,luminosity
2022-11-16 21:17:42.075,26.0,48.8,88
2022-11-16 21:17:37.030,26.0,48.8,88
2022-11-16 21:17:31.984,26.0,48.8,84
2022-11-16 21:17:26.940,26.0,48.7,83
2022-11-16 21:17:21.894,26.0,48.7,88
2022-11-16 21:17:16.851,26.0,48.8,88
2022-11-16 21:17:11.807,26.0,48.8,88
2022-11-16 21:17:06.762,26.0,48.8,87
2022-11-16 21:17:01.717,25.9,48.9,83
2022-11-16 21:16:56.672,25.9,48.7,88
2022-11-16 21:16:51.627,26.0,48.8,85
2022-11-16 21:16:46.581,26.0,48.9,84
2022-11-16 21:16:41.538,26.0,48.7,89
2022-11-16 21:16:36.492,26.0,48.8,88
2022-11-16 21:16:31.448,26.0,48.9,84
2022-11-16 21:16:26.402,26.0,48.8,88
2022-11-16 21:16:21.359,26.0,48.8,89
2022-11-16 21:16:16.315,26.0,48.8,89
2022-11-16 21:16:11.270,25.9,48.8,88
2022-11-16 21:16:06.224,26.0,48.8,84
2022-11-16 21:16:01.182,26.0,48.8,84
2022-11-16 21:15:56.136,26.0,48.8,89
2022-11-16 21:15:51.091,26.0,48.8,89
2022-11-16 21:15:46.047,26.0,48.7,88
2022-11-16 21:15:41.003,26.0,48.8,88
2022-11-16 21:15:35.960,26.0,48.8,88
2022-11-16 21:15:30.914,26.0,48.8,88
2022-11-16 21:15:25.868,26.0,48.7,88
2022-11-16 21:15:20.823,26.0,48.8,88
2022-11-16 21:15:15.778,26.0,48.8,84
2022-11-16 21:15:10.734,26.0,48.8,88
2022-11-16 21:15:05.692,26.0,48.8,89
2022-11-16 21:15:00.646,26.0,48.9,88
2022-11-16 21:14:55.601,26.0,48.8,84
2022-11-16 21:14:50.555,26.0,48.9,89
2022-11-16 21:14:45.511,26.0,48.8,89
2022-11-16 21:14:40.465,26.0,49.0,89
2022-11-16 21:14:35.423,26.0,48.9,88
2022-11-16 21:14:30.379,26.0,48.9,84
2022-11-16 21:14:25.332,25.9,48.9,84
2022-11-16 21:14:20.289,25.9,48.8,85
2022-11-16 21:14:15.245,26.0,48.9,89
2022-11-16 21:14:10.202,26.0,48.9,84
2022-11-16 21:14:05.158,26.0,48.9,84
2022-11-16 21:14:00.113,26.0,48.8,84
2022-11-16 21:13:55.069,26.0,48.9,85
2022-11-16 21:13:50.024,26.0,48.8,84
2022-11-16 21:13:44.980,26.0,48.9,83
2022-11-16 21:13:39.935,26.0,48.8,84
2022-11-16 21:13:34.891,25.9,48.8,84
2022-11-16 21:13:29.846,26.0,48.9,84
2022-11-16 21:13:24.802,25.9,48.8,84
2022-11-16 21:13:19.758,26.0,48.7,88
2022-11-16 21:13:14.711,26.0,48.8,88
2022-11-16 21:13:09.668,26.0,48.9,89
2022-11-16 21:13:04.622,26.0,48.8,87
2022-11-16 21:12:59.576,25.9,48.9,88
2022-11-16 21:12:54.532,26.0,48.8,88
2022-11-16 21:12:49.489,25.9,48.8,89
2022-11-16 21:12:44.445,26.0,49.0,88
2022-11-16 21:12:39.400,25.9,48.9,88
2022-11-16 21:12:34.356,25.9,48.8,89
2022-11-16 21:12:29.311,25.9,48.8,88
2022-11-16 21:12:24.267,26.0,48.8,89
2022-11-16 21:12:19.222,26.0,48.9,88
2022-11-16 21:12:14.177,25.9,48.8,88
2022-11-16 21:12:09.133,25.9,48.8,89
2022-11-16 21:12:04.090,26.0,48.9,88
2022-11-16 21:11:59.045,25.9,48.9,89
2022-11-16 21:11:53.999,26.0,48.9,88
2022-11-16 21:11:48.955,26.0,48.9,89
2022-11-16 21:11:43.911,26.0,48.8,87
2022-11-16 21:11:38.866,25.9,48.9,88
2022-11-16 21:11:33.821,26.0,48.8,88
2022-11-16 21:11:28.776,26.0,48.9,87
2022-11-16 21:11:23.730,26.0,48.9,88
2022-11-16 21:11:18.686,25.9,48.9,88
2022-11-16 21:11:13.642,26.0,48.9,87
2022-11-16 21:11:08.596,26.0,48.9,88
2022-11-16 21:11:03.554,26.0,48.8,87
2022-11-16 21:10:58.510,26.0,48.9,84
2022-11-16 21:10:53.464,25.9,48.9,84
2022-11-16 21:10:48.421,25.9,48.8,88
2022-11-16 21:10:43.377,25.9,48.8,88
2022-11-16 21:10:38.336,25.9,48.9,87
2022-11-16 21:10:33.288,25.9,48.8,88
2022-11-16 21:10:28.245,25.9,48.9,88
2022-11-16 21:10:23.199,25.9,48.8,87
2022-11-16 21:10:18.155,25.9,48.8,89
2022-11-16 21:10:13.110,25.9,48.8,87
2022-11-16 21:10:08.064,25.9,48.8,87
2022-11-16 21:10:03.021,25.9,48.9,89
2022-11-16 21:09:57.976,25.9,48.8,88
2022-11-16 21:09:52.930,25.9,48.9,88
2022-11-16 21:09:47.888,25.9,48.9,89
2022-11-16 21:09:42.842,25.9,48.9,88
2022-11-16 21:09:37.800,25.9,48.8,88
2022-11-16 21:09:32.754,25.9,48.8,88
2022-11-16 21:09:27.709,25.9,48.9,88
2022-11-16 21:09:22.665,25.9,48.8,83
2022-11-16 21:09:17.619,25.9,48.9,82
2022-11-16 21:09:12.575,25.9,48.8,83
2022-11-16 21:09:07.533,26.0,48.9,83
2022-11-16 21:09:02.488,26.0,48.9,82
2022-11-16 21:08:57.445,25.9,48.8,83
2022-11-16 21:08:52.399,26.0,48.9,87
2022-11-16 21:08:47.353,25.9,48.9,88
2022-11-16 21:08:42.310,26.0,48.8,88
2022-11-16 21:08:37.265,25.9,48.8,88
2022-11-16 21:08:32.220,25.9,48.8,88
2022-11-16 21:08:27.175,25.9,48.9,89
2022-11-16 21:08:22.131,25.9,48.8,89
2022-11-16 21:08:17.086,25.9,48.8,75
2022-11-16 21:08:12.044,25.9,48.9,74
2022-11-16 21:08:06.999,25.9,48.8,76
2022-11-16 21:08:01.954,25.9,48.9,87
2022-11-16 21:07:56.908,25.9,48.8,87
2022-11-16 21:07:51.865,25.9,48.9,88
2022-11-16 21:07:46.820,26.0,48.8,88
2022-11-16 21:07:41.776,25.9,48.9,88
2022-11-16 21:07:36.730,25.9,48.9,89
2022-11-16 21:07:31.685,25.9,48.9,88
2022-11-16 21:07:26.640,25.9,48.8,88
2022-11-16 21:07:21.596,25.9,48.8,89
2022-11-16 21:07:16.552,25.9,48.8,88
2022-11-16 21:07:11.506,26.0,48.9,89
2022-11-16 21:07:06.463,25.9,48.8,88
2022-11-16 21:07:01.418,25.9,48.9,89
2022-11-16 21:06:56.374,25.9,48.8,88
2022-11-16 21:06:51.331,25.9,48.8,89
2022-11-16 21:06:46.285,25.9,48.8,88
2022-11-16 21:06:41.241,25.9,48.7,88
2022-11-16 21:06:36.195,25.9,48.8,88
2022-11-16 21:06:31.150,25.9,48.8,88
2022-11-16 21:06:26.107,25.9,48.8,88
2022-11-16 21:06:21.062,25.9,48.8,88
2022-11-16 21:06:16.016,25.9,48.9,88
2022-11-16 21:06:10.973,25.9,48.8,89
2022-11-16 21:06:05.928,25.9,48.8,89
2022-11-16 21:06:00.885,25.9,48.8,88
2022-11-16 21:05:55.842,25.9,48.7,89
2022-11-16 21:05:50.797,26.0,48.8,88
2022-11-16 21:05:45.753,25.9,48.8,88
2022-11-16 21:05:40.707,25.9,48.8,89
2022-11-16 21:05:35.663,26.0,48.8,88
2022-11-16 21:05:30.617,25.9,48.9,88
2022-11-16 21:05:25.573,25.9,48.8,88
2022-11-16 21:05:20.531,26.0,48.8,88
2022-11-16 21:05:15.487,26.0,48.8,84
2022-11-16 21:05:10.441,25.9,48.8,84
2022-11-16 21:05:05.397,26.0,48.8,83
2022-11-16 21:05:00.352,26.0,48.9,84
2022-11-16 21:04:55.307,26.0,48.8,83
2022-11-16 21:04:50.261,26.0,48.8,83
2022-11-16 21:04:45.217,25.9,48.8,85
2022-11-16 21:04:40.173,26.0,48.8,83
2022-11-16 21:04:35.128,25.9,48.8,84
2022-11-16 21:04:30.082,25.9,48.8,84
2022-11-16 21:04:25.039,25.9,48.9,85
2022-11-16 21:04:19.993,25.9,48.9,85
2022-11-16 21:04:14.948,26.0,48.9,86
2022-11-16 21:04:09.902,25.9,48.9,86
2022-11-16 21:04:04.858,26.0,49.0,86
2022-11-16 21:03:59.813,26.0,48.8,85
2022-11-16 21:03:54.770,26.0,48.8,85
2022-11-16 21:03:49.726,26.0,48.8,84
2022-11-16 21:03:44.680,26.0,48.8,84
2022-11-16 21:03:39.638,25.9,48.7,86
2022-11-16 21:03:34.592,25.9,48.7,84
2022-11-16 21:03:29.546,25.9,48.7,88
2022-11-16 21:03:24.502,26.0,48.7,88
2022-11-16 21:03:19.458,26.0,48.7,89
2022-11-16 21:03:14.413,25.9,48.7,88
2022-11-16 21:03:09.369,26.0,48.7,88
2022-11-16 21:03:04.323,25.9,48.7,89
2022-11-16 21:02:59.278,26.0,48.7,88
2022-11-16 21:02:54.233,25.9,48.8,87
2022-11-16 21:02:49.188,25.9,48.7,88
2022-11-16 21:02:44.145,25.9,48.7,89
2022-11-16 21:02:39.101,26.0,48.7,88
2022-11-16 21:02:34.056,25.9,48.8,89
2022-11-16 21:02:29.010,26.0,48.8,87
2022-11-16 21:02:23.965,25.9,48.8,88
2022-11-16 21:02:18.919,25.9,48.7,88
2022-11-16 21:02:13.873,25.9,48.8,87
2022-11-16 21:02:08.829,25.9,48.8,88
2022-11-16 21:02:03.783,25.9,48.7,87
2022-11-16 21:01:58.741,25.9,48.7,88
2022-11-16 21:01:53.696,25.9,48.7,89
2022-11-16 21:01:48.650,25.9,48.7,88
2022-11-16 21:01:43.606,25.9,48.6,88
2022-11-16 21:01:38.562,25.9,48.7,88
2022-11-16 21:01:33.518,25.9,48.7,88
2022-11-16 21:01:28.474,25.9,48.7,88
2022-11-16 21:01:23.429,25.9,48.7,87
2022-11-16 21:01:18.382,25.9,48.7,88
2022-11-16 21:01:13.339,25.9,48.8,88
2022-11-16 21:01:08.296,25.9,48.7,84
2022-11-16 21:01:03.252,25.9,48.8,84
2022-11-16 21:00:58.207,25.9,48.7,86
2022-11-16 21:00:53.162,25.9,48.6,79
2022-11-16 21:00:48.118,25.9,48.6,84
2022-11-16 21:00:43.073,25.9,48.7,82
2022-11-16 21:00:38.029,25.9,48.6,82
2022-11-16 21:00:32.983,25.9,48.7,82
2022-11-16 21:00:27.937,25.9,48.8,82
2022-11-16 21:00:22.894,25.9,48.7,83
2022-11-16 21:00:17.850,25.9,48.6,82
2022-11-16 21:00:12.807,25.9,48.7,83
2022-11-16 21:00:07.762,25.9,48.6,82
2022-11-16 21:00:02.716,25.9,48.6,83
2022-11-16 20:59:57.672,25.9,48.7,82
2022-11-16 20:59:52.627,25.9,48.6,83
2022-11-16 20:59:47.581,25.9,48.6,82
2022-11-16 20:59:42.538,25.9,48.6,83
2022-11-16 20:59:37.493,25.9,48.6,82
2022-11-16 20:59:32.450,25.9,48.6,83
2022-11-16 20:59:27.406,25.9,48.6,82
2022-11-16 20:59:22.362,25.9,48.6,81
2022-11-16 20:59:17.317,25.9,48.7,83
2022-11-16 20:59:12.272,25.9,48.7,82
2022-11-16 20:59:07.229,25.9,48.7,78
2022-11-16 20:59:02.183,25.9,48.6,78
2022-11-16 20:58:57.138,25.9,48.6,84
2022-11-16 20:58:52.093,25.9,48.7,83
2022-11-16 20:58:47.050,25.9,48.7,83
2022-11-16 20:58:42.003,25.9,48.7,82
2022-11-16 20:58:36.959,25.9,48.7,82
2022-11-16 20:58:31.916,25.9,48.7,84
2022-11-16 20:58:26.872,25.9,48.7,85
2022-11-16 20:58:21.826,25.9,48.6,84
2022-11-16 20:58:16.782,25.9,48.7,82
2022-11-16 20:58:11.738,25.8,48.6,83
2022-11-16 20:58:06.692,25.9,48.6,83
2022-11-16 20:58:01.648,25.9,48.6,88
2022-11-16 20:57:56.606,25.9,48.7,89
2022-11-16 20:57:51.561,25.9,48.6,89
2022-11-16 20:57:46.518,25.9,48.7,87
2022-11-16 20:57:41.473,25.9,48.6,89
2022-11-16 20:57:36.427,25.9,48.7,88
2022-11-16 20:57:31.384,25.9,48.7,88
2022-11-16 20:57:26.339,25.9,48.7,82
2022-11-16 20:57:21.295,25.9,48.7,83
2022-11-16 20:57:16.250,25.9,48.7,82
2022-11-16 20:57:11.205,25.9,48.7,84
2022-11-16 20:57:06.159,25.9,48.7,83
2022-11-16 20:57:01.117,25.9,48.8,82
2022-11-16 20:56:56.073,25.9,48.8,82
2022-11-16 20:56:51.029,25.9,48.8,82
2022-11-16 20:56:45.984,25.9,48.7,83
2022-11-16 20:56:40.938,25.9,48.8,82
2022-11-16 20:56:35.894,25.9,48.7,86
2022-11-16 20:56:30.848,25.9,48.8,85
2022-11-16 20:56:25.805,25.9,48.8,84
2022-11-16 20:56:20.759,25.9,48.8,87
2022-11-16 20:56:15.716,25.9,48.8,83
2022-11-16 20:56:10.672,25.9,48.8,85
2022-11-16 20:56:05.627,25.9,48.7,83
2022-11-16 20:56:00.580,25.8,48.8,83
2022-11-16 20:55:55.537,25.9,48.6,83
2022-11-16 20:55:50.493,25.9,48.7,85
2022-11-16 20:55:45.449,25.9,48.7,86
2022-11-16 20:55:40.406,25.9,48.7,85
2022-11-16 20:55:35.360,25.9,48.7,86
2022-11-16 20:55:30.315,25.9,48.7,86
2022-11-16 20:55:25.272,25.9,48.8,85
2022-11-16 20:55:20.227,25.9,48.7,86
2022-11-16 20:55:15.181,25.9,48.8,86
2022-11-16 20:55:10.135,25.9,48.6,84
2022-11-16 20:55:05.090,25.9,48.6,87
2022-11-16 20:55:00.047,25.9,48.7,85
2022-11-16 20:54:55.003,25.9,48.7,85
2022-11-16 20:54:49.959,25.8,48.7,85
2022-11-16 20:54:44.912,25.9,48.6,85
2022-11-16 20:54:39.867,25.9,48.7,85
2022-11-16 20:54:34.824,25.9,48.7,86
2022-11-16 20:54:29.781,25.9,48.7,85
2022-11-16 20:54:24.735,25.9,48.8,86
2022-11-16 20:54:19.688,25.9,48.6,85
2022-11-16 20:54:14.644,25.9,48.6,85
2022-11-16 20:54:09.601,25.9,48.6,85
2022-11-16 20:54:04.555,25.9,48.6,85
2022-11-16 20:53:59.510,25.9,48.7,85
2022-11-16 20:53:54.466,25.9,48.7,86
2022-11-16 20:53:49.424,25.8,48.7,85
2022-11-16 20:53:44.380,25.9,48.6,84
2022-11-16 20:53:39.335,25.9,48.6,86
2022-11-16 20:53:34.291,25.9,48.6,85
2022-11-16 20:53:29.245,25.9,48.7,86
2022-11-16 20:53:24.200,25.9,48.7,85
2022-11-16 20:53:19.154,25.9,48.6,81
2022-11-16 20:53:14.109,25.9,48.7,79
2022-11-16 20:53:09.066,25.9,48.7,62
2022-11-16 20:53:04.021,25.8,48.7,61
2022-11-16 20:52:58.979,25.9,48.7,62
2022-11-16 20:52:53.935,25.9,48.7,80
2022-11-16 20:52:48.891,25.9,48.7,79
2022-11-16 20:52:43.847,25.9,48.7,80
2022-11-16 20:52:38.802,25.9,48.8,87
2022-11-16 20:52:33.758,25.9,48.8,86
2022-11-16 20:52:28.712,25.9,48.8,86
2022-11-16 20:52:23.669,25.9,48.8,87
2022-11-16 20:52:18.626,25.9,48.9,86
2022-11-16 20:52:13.582,25.9,48.7,87
2022-11-16 20:52:08.535,25.9,48.7,87
2022-11-16 20:52:03.492,25.9,48.7,87
2022-11-16 20:51:58.450,25.9,48.7,87
2022-11-16 20:51:53.404,25.9,48.8,86
2022-11-16 20:51:48.359,25.8,48.7,88
2022-11-16 20:51:43.312,25.8,48.7,86
2022-11-16 20:51:38.267,25.9,48.7,86
2022-11-16 20:51:33.222,25.9,48.8,86
2022-11-16 20:51:28.180,25.9,48.7,86
2022-11-16 20:51:23.135,25.9,48.7,85
2022-11-16 20:51:18.090,25.8,48.8,86
2022-11-16 20:51:13.044,25.9,48.8,85
2022-11-16 20:51:07.999,25.9,48.7,85
2022-11-16 20:51:02.954,25.9,48.7,85
2022-11-16 20:50:57.911,25.8,48.7,86
2022-11-16 20:50:52.866,25.9,48.7,85
2022-11-16 20:50:47.819,25.9,48.8,89
2022-11-16 20:50:42.774,25.9,48.7,87
2022-11-16 20:50:37.729,25.8,48.7,88
2022-11-16 20:50:32.684,25.9,48.8,88
2022-11-16 20:50:27.639,25.9,48.7,87
2022-11-16 20:50:22.596,25.9,48.7,89
2022-11-16 20:50:17.551,25.9,48.7,87
2022-11-16 20:50:12.506,25.9,48.7,89
2022-11-16 20:50:07.460,25.8,48.7,87
2022-11-16 20:50:02.416,25.8,48.8,89
2022-11-16 20:49:57.371,25.8,48.7,87
2022-11-16 20:49:52.327,25.9,48.7,89
2022-11-16 20:49:47.281,25.9,48.7,88
2022-11-16 20:49:42.239,25.8,48.7,87
2022-11-16 20:49:37.195,25.9,48.8,89
2022-11-16 20:49:32.149,25.9,48.7,87
2022-11-16 20:49:27.106,25.8,48.7,88
2022-11-16 20:49:22.061,25.8,48.7,88
2022-11-16 20:49:17.016,25.8,48.6,89
2022-11-16 20:49:11.970,25.8,48.7,88
2022-11-16 20:49:06.926,25.8,48.7,88
2022-11-16 20:49:01.880,25.8,48.7,89
2022-11-16 20:48:56.836,25.8,48.7,88
2022-11-16 20:48:51.790,25.8,48.7,88
2022-11-16 20:48:46.744,25.8,48.8,89
2022-11-16 20:48:41.699,25.8,48.7,88
2022-11-16 20:48:36.654,25.8,48.7,87
2022-11-16 20:48:31.608,25.8,48.7,88
2022-11-16 20:48:26.564,25.8,48.7,88
2022-11-16 20:48:21.521,25.8,48.7,89
2022-11-16 20:48:16.475,25.8,48.7,88
2022-11-16 20:48:11.431,25.8,48.7,87
2022-11-16 20:48:06.386,25.8,48.7,87
2022-11-16 20:48:01.343,25.8,48.6,87
2022-11-16 20:47:56.298,25.8,48.7,88
2022-11-16 20:47:51.253,25.9,48.7,88
2022-11-16 20:47:46.209,25.9,48.7,86
2022-11-16 20:47:41.164,25.8,48.7,86
2022-11-16 20:47:36.119,25.8,48.8,87
2022-11-16 20:47:31.074,25.8,48.7,87
2022-11-16 20:47:26.029,25.8,48.7,87
2022-11-16 20:47:20.986,25.8,48.7,89
2022-11-16 20:47:15.942,25.8,48.8,86
2022-11-16 20:47:10.897,25.8,48.8,87
2022-11-16 20:47:05.853,25.8,48.8,88
2022-11-16 20:47:00.808,25.8,48.7,88
2022-11-16 20:46:55.764,25.8,48.8,90
2022-11-16 20:46:50.719,25.8,48.9,89
2022-11-16 20:46:45.675,25.8,48.8,89
2022-11-16 20:46:40.631,25.8,48.8,89
2022-11-16 20:46:35.587,25.8,48.8,88
2022-11-16 20:46:30.542,25.8,48.8,89
2022-11-16 20:46:25.500,25.8,48.9,89
2022-11-16 20:46:20.455,25.8,49.0,90
2022-11-16 20:46:15.410,25.8,48.9,88
2022-11-16 20:46:10.364,25.8,48.9,90
2022-11-16 20:46:05.319,25.8,48.6,88
2022-11-16 20:46:00.274,25.8,48.7,90
2022-11-16 20:45:55.229,25.8,48.7,87
2022-11-16 20:45:50.183,25.8,48.6,88
2022-11-16 20:45:45.138,25.8,48.7,87
2022-11-16 20:45:40.093,25.8,48.7,88
2022-11-16 20:45:35.049,25.8,48.7,87
2022-11-16 20:45:30.004,25.8,48.7,88
2022-11-16 20:45:24.959,25.8,48.6,86
2022-11-16 20:45:19.915,25.8,48.6,87
2022-11-16 20:45:14.870,25.8,48.6,86
2022-11-16 20:45:09.828,25.8,48.6,87
2022-11-16 20:45:04.783,25.8,48.6,86
2022-11-16 20:44:59.737,25.8,48.6,87
2022-11-16 20:44:54.693,25.8,48.7,86
2022-11-16 20:44:49.648,25.8,48.7,87
2022-11-16 20:44:44.603,25.8,48.7,86
2022-11-16 20:44:39.557,25.8,48.7,88
2022-11-16 20:44:34.512,25.8,48.7,86
2022-11-16 20:44:29.467,25.8,48.7,87
2022-11-16 20:44:24.423,25.8,48.7,86
2022-11-16 20:44:19.381,25.8,48.7,87
2022-11-16 20:44:14.336,25.8,48.7,86
2022-11-16 20:44:09.292,25.8,48.7,86
2022-11-16 20:44:04.249,25.8,48.8,87
2022-11-16 20:43:59.205,25.9,48.7,85
2022-11-16 20:43:54.159,25.9,48.7,87
2022-11-16 20:43:49.114,25.8,48.7,85
2022-11-16 20:43:44.072,25.8,48.8,86
2022-11-16 20:43:39.027,25.8,48.8,86
2022-11-16 20:43:33.982,25.8,48.8,72
2022-11-16 20:43:28.939,25.8,48.7,73
2022-11-16 20:43:23.895,25.8,48.7,63
2022-11-16 20:43:18.850,25.8,48.6,62
2022-11-16 20:43:13.808,25.8,48.7,62
2022-11-16 20:43:08.765,25.8,48.6,63
2022-11-16 20:43:03.720,25.8,48.6,62
2022-11-16 20:42:58.676,25.8,48.6,63
2022-11-16 20:42:53.630,25.8,48.6,63
2022-11-16 20:42:48.588,25.8,48.5,62
2022-11-16 20:42:43.543,25.7,48.5,63
2022-11-16 20:42:38.497,25.7,48.5,51
2022-11-16 20:42:33.453,25.8,48.5,62
2022-11-16 20:42:28.408,25.7,48.5,62
2022-11-16 20:42:23.363,25.7,48.5,62
2022-11-16 20:42:18.317,25.7,48.5,62
2022-11-16 20:42:13.273,25.7,48.6,63
2022-11-16 20:42:08.228,25.8,48.5,62
2022-11-16 20:42:03.182,25.8,48.5,61
2022-11-16 20:41:58.139,25.8,48.6,62
2022-11-16 20:41:53.093,25.7,48.5,62
2022-11-16 20:41:48.047,25.8,48.5,62
2022-11-16 20:41:43.004,25.8,48.6,62
2022-11-16 20:41:37.958,25.8,48.4,62
2022-11-16 20:41:32.914,25.7,48.5,62
2022-11-16 20:41:27.868,25.8,48.5,63
2022-11-16 20:41:22.824,25.7,48.5,62
2022-11-16 20:41:17.779,25.7,48.5,62
2022-11-16 20:41:12.734,25.7,48.5,73
2022-11-16 20:41:07.691,25.7,48.4,64
2022-11-16 20:41:02.647,25.7,48.5,75
2022-11-16 20:40:57.603,25.7,48.5,76
2022-11-16 20:40:52.558,25.7,48.4,75
2022-11-16 20:40:47.513,25.7,48.4,62
2022-11-16 20:40:42.469,25.8,48.3,63
2022-11-16 20:40:37.426,25.7,48.4,62
2022-11-16 20:40:32.380,25.8,48.5,61
2022-11-16 20:40:27.335,25.8,48.4,61
2022-11-16 20:40:22.292,25.7,48.4,62
2022-11-16 20:40:17.247,25.8,48.4,63
2022-11-16 20:40:12.205,25.7,48.4,61
2022-11-16 20:40:07.159,25.8,48.5,62
2022-11-16 20:40:02.116,25.7,48.4,73
2022-11-16 20:39:57.073,25.7,48.4,71
2022-11-16 20:39:52.027,25.7,48.5,68
2022-11-16 20:39:46.984,25.8,48.3,72
2022-11-16 20:39:41.942,25.7,48.5,72
2022-11-16 20:39:36.895,25.7,48.3,72
2022-11-16 20:39:31.852,25.7,48.4,73
2022-11-16 20:39:26.808,25.7,48.4,71
2022-11-16 20:39:21.763,25.8,48.4,72
2022-11-16 20:39:16.719,25.8,48.4,72
2022-11-16 20:39:11.676,25.7,48.4,73
2022-11-16 20:39:06.630,25.7,48.4,72
2022-11-16 20:39:01.585,25.8,48.4,68
2022-11-16 20:38:56.541,25.8,48.4,66
2022-11-16 20:38:51.498,25.7,48.4,67
2022-11-16 20:38:46.456,25.7,48.5,68
2022-11-16 20:38:41.411,25.7,48.5,66
2022-11-16 20:38:36.366,25.8,48.5,68
2022-11-16 20:38:31.321,25.7,48.6,67
2022-11-16 20:38:26.278,25.8,48.6,67
2022-11-16 20:38:21.233,25.8,48.6,73
2022-11-16 20:38:16.190,25.7,48.3,71
2022-11-16 20:38:11.146,25.8,48.3,73
2022-11-16 20:38:06.102,25.8,48.4,71
2022-11-16 20:38:01.060,25.7,48.3,73
2022-11-16 20:37:56.014,25.7,48.3,71
2022-11-16 20:37:50.969,25.8,48.3,72
2022-11-16 20:37:45.927,25.7,48.4,71
2022-11-16 20:37:40.882,25.7,48.3,73
2022-11-16 20:37:35.837,25.8,48.3,62
2022-11-16 20:37:30.792,25.7,48.3,68
2022-11-16 20:37:25.747,25.8,48.3,66
2022-11-16 20:37:20.702,25.8,48.2,65
2022-11-16 20:37:15.657,25.7,48.3,65
2022-11-16 20:37:10.612,25.7,48.2,65
2022-11-16 20:37:05.569,25.7,48.3,66
2022-11-16 20:37:00.523,25.8,48.2,65
2022-11-16 20:36:55.478,25.8,48.2,66
2022-11-16 20:36:50.434,25.7,48.2,65
2022-11-16 20:36:45.388,25.8,48.2,67
2022-11-16 20:36:40.343,25.8,48.2,65
2022-11-16 20:36:35.301,25.8,48.2,65
2022-11-16 20:36:30.256,25.7,48.2,67
2022-11-16 20:36:25.213,25.7,48.3,66
2022-11-16 20:36:20.168,25.7,48.2,66
2022-11-16 20:36:15.125,25.7,48.2,66
2022-11-16 20:36:10.082,25.8,48.2,65
2022-11-16 20:36:05.039,25.7,48.2,65
2022-11-16 20:35:59.996,25.7,48.2,64
2022-11-16 20:35:54.950,25.7,48.1,65
2022-11-16 20:35:49.907,25.8,48.1,64
2022-11-16 20:35:44.862,25.7,48.1,66
2022-11-16 20:35:39.818,25.7,48.2,65
2022-11-16 20:35:34.774,25.7,48.2,64
2022-11-16 20:35:29.729,25.7,48.2,65
2022-11-16 20:35:24.685,25.7,48.2,64
2022-11-16 20:35:19.640,25.7,48.1,66
2022-11-16 20:35:14.595,25.7,48.2,65
2022-11-16 20:35:09.550,25.7,48.2,65
2022-11-16 20:35:04.505,25.7,48.2,65
2022-11-16 20:34:59.461,25.7,48.1,65
2022-11-16 20:34:54.416,25.7,48.2,66
2022-11-16 20:34:49.371,25.7,48.1,66
2022-11-16 20:34:44.325,25.7,48.2,65
2022-11-16 20:34:39.280,25.7,48.2,66
2022-11-16 20:34:34.235,25.7,48.2,70
2022-11-16 20:34:29.192,25.7,48.1,69
2022-11-16 20:34:24.147,25.7,48.1,71
2022-11-16 20:34:19.104,25.7,48.1,70
2022-11-16 20:34:14.060,25.7,48.1,69
2022-11-16 20:34:09.014,25.7,48.0,69
2022-11-16 20:34:03.968,25.7,48.0,68
2022-11-16 20:33:58.924,25.7,48.1,69
2022-11-16 20:33:53.881,25.7,48.0,69
2022-11-16 20:33:48.836,25.7,48.1,66
2022-11-16 20:33:43.793,25.7,47.9,64
2022-11-16 20:33:38.747,25.7,47.9,65
2022-11-16 20:33:33.703,25.7,47.9,65
2022-11-16 20:33:28.659,25.7,48.0,65
2022-11-16 20:33:23.616,25.7,47.9,65
2022-11-16 20:33:18.569,25.7,48.0,66
2022-11-16 20:33:13.526,25.7,48.0,65
2022-11-16 20:33:08.481,25.7,47.9,66
2022-11-16 20:33:03.436,25.6,48.0,65
2022-11-16 20:32:58.392,25.7,47.9,65
2022-11-16 20:32:53.349,25.7,48.0,66
2022-11-16 20:32:48.307,25.6,47.9,65
2022-11-16 20:32:43.262,25.7,47.9,65
2022-11-16 20:32:38.219,25.7,48.0,66
2022-11-16 20:32:33.176,25.6,48.0,64
2022-11-16 20:32:28.131,25.6,48.0,66
2022-11-16 20:32:23.088,25.6,48.0,65
2022-11-16 20:32:18.044,25.7,48.0,65
2022-11-16 20:32:12.999,25.6,48.0,66
2022-11-16 20:32:07.954,25.6,47.9,64
2022-11-16 20:32:02.910,25.7,47.7,65
2022-11-16 20:31:57.866,25.7,47.6,66
2022-11-16 20:31:52.823,25.7,47.6,65
2022-11-16 20:31:47.779,25.7,47.7,65
2022-11-16 20:31:42.734,25.7,47.6,66
2022-11-16 20:31:37.691,25.7,47.6,64
2022-11-16 20:31:32.646,25.7,47.6,64
2022-11-16 20:31:27.604,25.7,47.6,65
2022-11-16 20:31:22.560,25.7,47.5,65
2022-11-16 20:31:17.515,25.7,47.6,65
2022-11-16 20:31:12.470,25.7,47.5,66
2022-11-16 20:31:07.428,25.7,47.5,65
2022-11-16 20:31:02.383,25.7,47.5,64
2022-11-16 20:30:57.341,25.7,47.5,66
2022-11-16 20:30:52.296,25.6,47.4,67
2022-11-16 20:30:47.251,25.7,47.5,65
2022-11-16 20:30:42.206,25.7,47.4,66
2022-11-16 20:30:37.162,25.6,47.4,65
2022-11-16 20:30:32.119,25.7,47.6,65
2022-11-16 20:30:27.075,25.6,47.5,66
2022-11-16 20:30:22.030,25.7,47.5,67
2022-11-16 20:30:16.987,25.7,47.4,65
2022-11-16 20:30:11.943,25.6,47.4,65
2022-11-16 20:30:06.900,25.7,47.4,67
2022-11-16 20:30:01.856,25.7,47.4,66
2022-11-16 20:29:56.811,25.7,47.4,65
2022-11-16 20:29:51.769,25.7,47.4,64
2022-11-16 20:29:46.725,25.7,47.4,65
2022-11-16 20:29:41.682,25.7,47.4,64
2022-11-16 20:29:36.639,25.6,47.3,66
2022-11-16 20:29:31.596,25.7,47.4,65
2022-11-16 20:29:26.553,25.7,47.3,65
2022-11-16 20:29:21.508,25.7,47.3,66
2022-11-16 20:29:16.464,25.7,47.4,66
2022-11-16 20:29:11.422,25.7,47.4,66
2022-11-16 20:29:06.378,25.7,47.4,66
2022-11-16 20:29:01.333,25.6,47.4,65
2022-11-16 20:28:56.288,25.6,47.3,65
2022-11-16 20:28:51.244,25.7,47.3,65
2022-11-16 20:28:46.201,25.7,47.3,65
2022-11-16 20:28:41.158,25.6,47.3,66
2022-11-16 20:28:36.114,25.7,47.3,66
2022-11-16 20:28:31.070,25.7,47.3,65
2022-11-16 20:28:26.026,25.7,47.3,66
2022-11-16 20:28:20.983,25.7,47.2,65
2022-11-16 20:28:15.938,25.7,47.3,66
2022-11-16 20:28:10.892,25.7,47.2,64
2022-11-16 20:28:05.848,25.7,47.2,66
2022-11-16 20:28:00.804,25.6,47.2,65
2022-11-16 20:27:55.761,25.7,47.2,65
2022-11-16 20:27:50.717,25.7,47.1,65
2022-11-16 20:27:45.674,25.6,47.2,65
2022-11-16 20:27:40.628,25.7,47.1,64
2022-11-16 20:27:35.586,25.7,47.2,65
2022-11-16 20:27:30.541,25.6,47.1,65
2022-11-16 20:27:25.496,25.7,47.1,64
2022-11-16 20:27:20.453,25.6,47.1,65
2022-11-16 20:27:15.409,25.7,47.0,65
2022-11-16 20:27:10.365,25.7,47.1,65
2022-11-16 20:27:05.323,25.6,47.1,65
2022-11-16 20:27:00.277,25.6,47.1,65
2022-11-16 20:26:55.233,25.6,47.0,65
2022-11-16 20:26:50.191,25.6,47.1,66
2022-11-16 20:26:45.146,25.6,47.1,64
2022-11-16 20:26:40.101,25.7,47.1,66
2022-11-16 20:26:35.054,25.6,47.1,66
2022-11-16 20:26:30.012,25.6,47.1,65
2022-11-16 20:26:24.968,25.7,47.0,65
2022-11-16 20:26:19.922,25.6,47.0,66
2022-11-16 20:26:14.877,25.7,47.1,65
2022-11-16 20:26:09.835,25.7,47.1,65
2022-11-16 20:26:04.791,25.6,47.1,66
2022-11-16 20:25:59.747,25.6,47.1,66
2022-11-16 20:25:54.702,25.7,47.2,65
2022-11-16 20:25:49.656,25.6,47.2,64
2022-11-16 20:25:44.613,25.7,47.2,65
2022-11-16 20:25:39.570,25.6,47.2,65
2022-11-16 20:25:34.526,25.7,47.1,66
2022-11-16 20:25:29.480,25.6,47.1,66
2022-11-16 20:25:24.435,25.6,47.0,65
2022-11-16 20:25:19.391,25.7,47.1,68
2022-11-16 20:25:14.345,25.6,47.0,68
2022-11-16 20:25:09.302,25.6,47.1,68
2022-11-16 20:25:04.260,25.7,47.1,69
2022-11-16 20:24:59.215,25.6,47.1,69
2022-11-16 20:24:54.172,25.6,47.0,65
2022-11-16 20:24:49.127,25.6,47.0,65
2022-11-16 20:24:44.084,25.6,47.0,65
2022-11-16 20:24:39.040,25.6,47.0,64
2022-11-16 20:24:33.998,25.7,47.0,65
2022-11-16 20:24:28.955,25.6,47.0,66
2022-11-16 20:24:23.911,25.7,47.0,88
2022-11-16 20:24:18.867,25.7,47.0,75
2022-11-16 20:24:13.824,25.6,47.0,75
2022-11-16 20:24:08.779,25.6,47.0,75
2022-11-16 20:24:03.733,25.7,46.9,76
2022-11-16 20:23:58.691,25.6,47.0,75
2022-11-16 20:23:53.646,25.6,46.9,75
2022-11-16 20:23:48.601,25.6,46.9,75
2022-11-16 20:23:43.557,25.6,46.9,76
2022-11-16 20:23:38.519,25.7,46.9,76
2022-11-16 20:23:33.469,25.6,47.0,76
2022-11-16 20:23:28.424,25.6,46.9,56
2022-11-16 20:23:23.380,25.6,46.9,65
2022-11-16 20:23:18.336,25.7,46.9,63
2022-11-16 20:23:13.292,25.6,46.8,65
2022-11-16 20:23:08.247,25.6,46.9,64
2022-11-16 20:23:03.204,25.6,46.8,62
2022-11-16 20:22:58.159,25.6,46.8,63
2022-11-16 20:22:53.115,25.6,46.9,63
2022-11-16 20:22:48.072,25.6,46.9,60
2022-11-16 20:22:43.029,25.6,46.7,63
2022-11-16 20:22:37.984,25.6,46.9,63
2022-11-16 20:22:32.940,25.6,46.8,62
2022-11-16 20:22:27.896,25.6,46.8,64
2022-11-16 20:22:22.854,25.6,46.9,62
2022-11-16 20:22:17.808,25.6,46.9,63
2022-11-16 20:22:12.763,25.6,46.9,63
2022-11-16 20:22:07.719,25.6,46.9,62
2022-11-16 20:22:02.676,25.6,46.9,64
2022-11-16 20:21:57.631,25.6,46.9,63
2022-11-16 20:21:52.587,25.6,46.9,63
2022-11-16 20:21:47.544,25.6,46.9,64
2022-11-16 20:21:42.501,25.6,46.8,63
2022-11-16 20:21:37.459,25.6,46.8,62
2022-11-16 20:21:32.415,25.6,46.9,64
2022-11-16 20:21:27.372,25.6,46.9,63
2022-11-16 20:21:22.328,25.6,46.9,64
2022-11-16 20:21:17.286,25.6,46.9,64
2022-11-16 20:21:12.243,25.6,46.8,63
2022-11-16 20:21:07.199,25.6,46.9,63
2022-11-16 20:21:02.156,25.6,46.9,63
2022-11-16 20:20:57.110,25.6,46.8,64
2022-11-16 20:20:52.067,25.6,46.8,62
2022-11-16 20:20:47.023,25.6,46.7,64
2022-11-16 20:20:41.977,25.6,46.8,62
2022-11-16 20:20:36.933,25.6,46.9,63
2022-11-16 20:20:31.888,25.6,46.8,64
2022-11-16 20:20:26.843,25.6,46.9,62
2022-11-16 20:20:21.798,25.6,46.8,63
2022-11-16 20:20:16.753,25.6,46.8,62
2022-11-16 20:20:11.707,25.6,46.9,63
2022-11-16 20:20:06.665,25.6,46.9,63
2022-11-16 20:20:01.621,25.6,46.9,62
2022-11-16 20:19:56.577,25.6,46.9,62
2022-11-16 20:19:51.534,25.6,46.9,63
2022-11-16 20:19:46.491,25.6,47.0,62
2022-11-16 20:19:41.448,25.6,46.9,62
2022-11-16 20:19:36.403,25.6,46.9,63
2022-11-16 20:19:31.360,25.6,46.9,62
2022-11-16 20:19:26.316,25.6,46.9,62
2022-11-16 20:19:21.273,25.6,46.9,62
2022-11-16 20:19:16.230,25.6,47.0,63
2022-11-16 20:19:11.185,25.6,46.9,63
2022-11-16 20:19:06.139,25.6,47.0,62
2022-11-16 20:19:01.095,25.6,46.9,62
2022-11-16 20:18:56.052,25.6,46.9,62
2022-11-16 20:18:51.009,25.6,47.0,63
2022-11-16 20:18:45.965,25.6,46.8,63
2022-11-16 20:18:40.922,25.6,46.9,62
2022-11-16 20:18:35.878,25.5,46.9,63
2022-11-16 20:18:30.835,25.6,46.9,63
2022-11-16 20:18:25.792,25.6,46.9,62
2022-11-16 20:18:20.747,25.6,46.8,63
2022-11-16 20:18:15.702,25.6,46.8,62
2022-11-16 20:18:10.657,25.6,46.9,64
2022-11-16 20:18:05.614,25.6,46.8,62
2022-11-16 20:18:00.570,25.6,46.8,62
2022-11-16 20:17:55.527,25.6,46.9,63
2022-11-16 20:17:50.482,25.6,46.8,62
2022-11-16 20:17:45.439,25.6,46.7,62
2022-11-16 20:17:40.397,25.6,46.8,62
2022-11-16 20:17:35.351,25.6,46.8,62
2022-11-16 20:17:30.308,25.6,46.7,60
2022-11-16 20:17:25.264,25.6,46.7,62
2022-11-16 20:17:20.218,25.6,46.8,61
2022-11-16 20:17:15.172,25.6,46.8,62
2022-11-16 20:17:10.128,25.6,46.7,61
2022-11-16 20:17:05.085,25.6,46.8,62
2022-11-16 20:17:00.039,25.6,46.7,62
2022-11-16 20:16:54.995,25.6,46.8,63
2022-11-16 20:16:49.951,25.6,46.8,87
2022-11-16 20:16:44.909,25.6,46.7,87
2022-11-16 20:16:39.865,25.6,46.8,85
2022-11-16 20:16:34.823,25.6,46.9,83
2022-11-16 20:16:29.779,25.5,46.8,86
2022-11-16 20:16:24.735,25.6,46.8,90
2022-11-16 20:16:19.691,25.6,46.9,88
2022-11-16 20:16:14.647,25.6,46.8,88
2022-11-16 20:16:09.604,25.6,46.6,88
2022-11-16 20:16:04.560,25.6,46.6,88
2022-11-16 20:15:59.518,25.6,46.7,87
2022-11-16 20:15:54.473,25.5,46.7,76
2022-11-16 20:15:49.430,25.5,46.5,86
2022-11-16 20:15:44.388,25.6,46.7,85
2022-11-16 20:15:39.343,25.6,46.5,85
2022-11-16 20:15:34.297,25.6,46.5,85
2022-11-16 20:15:29.255,25.6,46.5,87
2022-11-16 20:15:24.212,25.6,46.5,87
2022-11-16 20:15:19.169,25.6,46.6,87
2022-11-16 20:15:14.125,25.6,46.5,87
2022-11-16 20:15:09.083,25.6,46.4,83
2022-11-16 20:15:04.038,25.6,46.4,86
2022-11-16 20:14:58.993,25.6,46.5,82
2022-11-16 20:14:53.949,25.6,46.5,85
2022-11-16 20:14:48.905,25.6,46.6,86
2022-11-16 20:14:43.861,25.6,46.6,87
2022-11-16 20:14:38.816,25.6,46.5,86
2022-11-16 20:14:33.771,25.5,46.5,85
2022-11-16 20:14:28.728,25.5,46.5,86
2022-11-16 20:14:23.685,25.5,46.5,86
2022-11-16 20:14:18.642,25.5,46.5,86
2022-11-16 20:14:13.599,25.6,46.6,87
2022-11-16 20:14:08.555,25.6,46.6,86
2022-11-16 20:14:03.513,25.5,46.5,85
2022-11-16 20:13:58.468,25.6,46.5,88
2022-11-16 20:13:53.425,25.6,46.4,88
2022-11-16 20:13:48.383,25.5,46.4,88
2022-11-16 20:13:43.339,25.6,46.3,87
2022-11-16 20:13:38.293,25.6,46.4,83
2022-11-16 20:13:33.251,25.6,46.3,87
2022-11-16 20:13:28.208,25.6,46.4,87
2022-11-16 20:13:23.164,25.6,46.4,87
2022-11-16 20:13:18.121,25.5,46.4,88
2022-11-16 20:13:13.077,25.6,46.5,84
2022-11-16 20:13:08.033,25.5,46.4,63
2022-11-16 20:13:02.989,25.5,46.4,64
2022-11-16 20:12:57.946,25.5,46.4,63
2022-11-16 20:12:52.903,25.5,46.4,62
2022-11-16 20:12:47.860,25.5,46.3,64
2022-11-16 20:12:42.817,25.5,46.4,62
2022-11-16 20:12:37.771,25.5,46.4,63
2022-11-16 20:12:32.727,25.5,46.4,62
2022-11-16 20:12:27.682,25.5,46.4,63
2022-11-16 20:12:22.639,25.5,46.4,63
2022-11-16 20:12:17.593,25.5,46.3,63
2022-11-16 20:12:12.549,25.5,46.3,61
2022-11-16 20:12:07.506,25.5,46.3,63
2022-11-16 20:12:02.460,25.5,46.3,63
2022-11-16 20:11:57.415,25.5,46.3,63
2022-11-16 20:11:52.372,25.5,46.3,62
2022-11-16 20:11:47.327,25.5,46.3,63
2022-11-16 20:11:42.282,25.5,46.2,63
2022-11-16 20:11:37.238,25.5,46.2,62
2022-11-16 20:11:32.196,25.5,46.3,64
2022-11-16 20:11:27.150,25.5,46.3,86
2022-11-16 20:11:22.105,25.5,46.3,80
2022-11-16 20:11:17.061,25.5,46.3,88
2022-11-16 20:11:12.016,25.5,46.3,89
2022-11-16 20:11:06.973,25.5,46.3,89
2022-11-16 20:11:01.929,25.5,46.2,89
2022-11-16 20:10:56.885,25.5,46.3,88
2022-11-16 20:10:51.841,25.5,46.3,89
2022-11-16 20:10:46.796,25.5,46.3,89
2022-11-16 20:10:41.752,25.4,46.3,88
2022-11-16 20:10:36.707,25.5,46.2,88
2022-11-16 20:10:31.665,25.5,46.4,89
2022-11-16 20:10:26.620,25.5,46.3,90
2022-11-16 20:10:21.577,25.5,46.2,89
2022-11-16 20:10:16.533,25.5,46.3,89
2022-11-16 20:10:11.490,25.4,46.4,90
2022-11-16 20:10:06.447,25.4,46.3,90
2022-11-16 20:10:01.404,25.5,46.4,89
2022-11-16 20:09:56.361,25.5,46.4,89
2022-11-16 20:09:51.318,25.5,46.4,89
2022-11-16 20:09:46.274,25.5,46.0,89
2022-11-16 20:09:41.232,25.5,46.0,90
2022-11-16 20:09:36.187,25.5,46.0,90
2022-11-16 20:09:31.142,25.5,46.0,89
2022-11-16 20:09:26.099,25.5,45.9,89
2022-11-16 20:09:21.056,25.5,46.0,90
2022-11-16 20:09:16.011,25.5,46.0,89
2022-11-16 20:09:10.966,25.5,46.1,89
2022-11-16 20:09:05.923,25.5,46.1,89
2022-11-16 20:09:00.878,25.5,46.0,89
2022-11-16 20:08:55.835,25.5,46.1,89
2022-11-16 20:08:50.793,25.5,46.0,90
2022-11-16 20:08:45.748,25.5,46.1,90
2022-11-16 20:08:40.705,25.5,46.1,89
2022-11-16 20:08:35.663,25.5,46.1,88
2022-11-16 20:08:30.618,25.5,46.1,90
2022-11-16 20:08:25.575,25.4,46.1,89
2022-11-16 20:08:20.529,25.5,46.1,89
2022-11-16 20:08:15.486,25.4,46.2,89
2022-11-16 20:08:10.442,25.4,46.1,90
2022-11-16 20:08:05.397,25.4,46.2,89
2022-11-16 20:08:00.352,25.4,46.2,89
2022-11-16 20:07:55.309,25.4,46.1,88
2022-11-16 20:07:50.265,25.4,46.2,89
2022-11-16 20:07:45.221,25.4,46.0,90
2022-11-16 20:07:40.177,25.4,45.9,90
2022-11-16 20:07:35.134,25.4,45.9,91
2022-11-16 20:07:30.090,25.4,45.9,89
2022-11-16 20:07:25.044,25.5,45.9,89
2022-11-16 20:07:20.001,25.4,45.9,90
2022-11-16 20:07:14.956,25.4,45.9,88
2022-11-16 20:07:09.910,25.4,45.9,90
2022-11-16 20:07:04.865,25.4,45.8,89
2022-11-16 20:06:59.821,25.4,45.8,89
2022-11-16 20:06:54.777,25.4,45.9,90
2022-11-16 20:06:49.731,25.4,46.0,89
2022-11-16 20:06:44.686,25.4,46.0,89
2022-11-16 20:06:39.643,25.4,45.9,89
2022-11-16 20:06:34.600,25.4,46.0,89
2022-11-16 20:06:29.557,25.4,45.9,90
2022-11-16 20:06:24.512,25.4,46.0,90
2022-11-16 20:06:19.470,25.4,46.0,90
2022-11-16 20:06:14.426,25.4,46.1,89
2022-11-16 20:06:09.383,25.5,45.9,89
2022-11-16 20:06:04.339,25.4,45.9,89
2022-11-16 20:05:59.294,25.4,45.9,89
2022-11-16 20:05:54.251,25.4,46.0,91
2022-11-16 20:05:49.206,25.4,46.1,90
2022-11-16 20:05:44.163,25.4,46.0,89
2022-11-16 20:05:39.120,25.4,46.0,89
2022-11-16 20:05:34.077,25.4,46.1,89
2022-11-16 20:05:29.035,25.4,46.2,90
2022-11-16 20:05:23.992,25.4,46.3,89
2022-11-16 20:05:18.944,25.4,46.2,89
2022-11-16 20:05:13.901,25.4,46.3,88
2022-11-16 20:05:08.856,25.4,46.2,88
2022-11-16 20:05:03.814,25.4,46.2,90
2022-11-16 20:04:58.768,25.4,46.3,89
2022-11-16 20:04:53.724,25.4,46.1,88
2022-11-16 20:04:48.679,25.4,46.2,89
2022-11-16 20:04:43.636,25.4,46.2,90
2022-11-16 20:04:38.592,25.4,46.3,90
2022-11-16 20:04:33.547,25.4,46.2,89
2022-11-16 20:04:28.502,25.4,46.2,90
2022-11-16 20:04:23.461,25.4,46.2,89
2022-11-16 20:04:18.416,25.4,46.2,90
2022-11-16 20:04:13.372,25.4,46.1,90
2022-11-16 20:04:08.329,25.4,46.2,89
2022-11-16 20:04:03.284,25.4,46.2,89
2022-11-16 20:03:58.242,25.3,46.2,89
2022-11-16 20:03:53.197,25.3,46.2,89
2022-11-16 20:03:48.153,25.4,46.2,89
2022-11-16 20:03:43.108,25.3,46.1,90
2022-11-16 20:03:38.063,25.4,46.1,91
2022-11-16 20:03:33.017,25.4,46.1,91
2022-11-16 20:03:27.974,25.4,46.1,90
2022-11-16 20:03:22.931,25.4,46.2,90
2022-11-16 20:03:17.887,25.3,46.2,90
2022-11-16 20:03:12.844,25.3,46.2,90
2022-11-16 20:03:07.799,25.3,46.0,91
2022-11-16 20:03:02.756,25.3,46.1,90
2022-11-16 20:02:57.711,25.3,46.0,90
2022-11-16 20:02:52.667,25.3,46.0,91
2022-11-16 20:02:47.624,25.3,46.0,90
2022-11-16 20:02:42.579,25.3,46.0,89
2022-11-16 20:02:37.534,25.3,46.0,90
2022-11-16 20:02:32.487,25.3,46.0,90
2022-11-16 20:02:27.445,25.3,46.0,90
2022-11-16 20:02:22.402,25.3,45.9,90
2022-11-16 20:02:17.357,25.3,46.0,90
2022-11-16 20:02:12.313,25.3,45.8,90
2022-11-16 20:02:07.268,25.3,45.9,90
2022-11-16 20:02:02.226,25.3,45.9,79
2022-11-16 20:01:57.181,25.3,45.8,92
2022-11-16 20:01:52.136,25.3,45.8,92
2022-11-16 20:01:47.092,25.3,45.8,91
2022-11-16 20:01:42.050,25.3,45.8,92
2022-11-16 20:01:37.004,25.3,45.8,92
2022-11-16 20:01:31.960,25.3,45.8,91
2022-11-16 20:01:26.915,25.3,46.0,90
2022-11-16 20:01:21.872,25.3,45.9,90
2022-11-16 20:01:16.824,25.3,45.9,90
2022-11-16 20:01:11.780,25.3,45.8,90
2022-11-16 20:01:06.735,25.3,45.9,91
2022-11-16 20:01:01.692,25.3,45.9,89
2022-11-16 20:00:56.647,25.3,45.8,88
2022-11-16 20:00:51.603,25.3,45.9,88
2022-11-16 20:00:46.558,25.3,45.8,88
2022-11-16 20:00:41.516,25.3,45.8,91
2022-11-16 20:00:36.471,25.3,45.8,91
2022-11-16 20:00:31.428,25.3,45.8,91
2022-11-16 20:00:26.385,25.3,45.8,90
2022-11-16 20:00:21.343,25.3,45.9,92
2022-11-16 20:00:16.299,25.3,45.8,69
2022-11-16 20:00:11.256,25.3,45.8,65
2022-11-16 20:00:06.214,25.3,45.8,66
2022-11-16 20:00:01.169,25.3,45.9,64
2022-11-16 19:59:56.126,25.3,45.8,66
2022-11-16 19:59:51.084,25.3,45.9,65
2022-11-16 19:59:46.042,25.2,45.8,84
2022-11-16 19:59:40.997,25.3,45.8,80
2022-11-16 19:59:35.954,25.3,45.9,85
2022-11-16 19:59:30.911,25.3,45.8,89
2022-11-16 19:59:25.869,25.2,45.8,84
2022-11-16 19:59:20.826,25.3,45.9,85
2022-11-16 19:59:15.780,25.3,45.9,84
2022-11-16 19:59:10.736,25.3,45.8,85
2022-11-16 19:59:05.694,25.3,45.8,84
2022-11-16 19:59:00.648,25.3,45.8,85
2022-11-16 19:58:55.606,25.3,45.8,84
2022-11-16 19:58:50.561,25.3,45.7,87
2022-11-16 19:58:45.515,25.3,45.7,84
2022-11-16 19:58:40.470,25.2,45.8,86
2022-11-16 19:58:35.427,25.3,45.8,91
2022-11-16 19:58:30.383,25.3,45.8,89
2022-11-16 19:58:25.337,25.3,45.8,91
2022-11-16 19:58:20.293,25.2,45.8,88
2022-11-16 19:58:15.250,25.2,45.8,90
2022-11-16 19:58:10.207,25.3,45.8,89
2022-11-16 19:58:05.164,25.3,45.7,90
2022-11-16 19:58:00.119,25.3,45.7,91
2022-11-16 19:57:55.078,25.3,45.7,90
2022-11-16 19:57:50.032,25.2,45.8,89
2022-11-16 19:57:44.989,25.3,45.7,89
2022-11-16 19:57:39.946,25.3,45.7,88
2022-11-16 19:57:34.901,25.3,45.7,89
2022-11-16 19:57:29.856,25.2,45.7,89
2022-11-16 19:57:24.814,25.3,45.7,90
2022-11-16 19:57:19.769,25.2,45.8,91
2022-11-16 19:57:14.726,25.2,45.9,90
2022-11-16 19:57:09.682,25.3,46.0,91
2022-11-16 19:57:04.637,25.2,45.8,89
2022-11-16 19:56:59.592,25.3,45.8,89
2022-11-16 19:56:54.549,25.2,45.8,91
2022-11-16 19:56:49.506,25.2,45.7,90
2022-11-16 19:56:44.461,25.2,45.7,89
2022-11-16 19:56:39.418,25.2,45.6,89
2022-11-16 19:56:34.372,25.2,45.6,90
2022-11-16 19:56:29.329,25.2,45.6,91
2022-11-16 19:56:24.285,25.2,45.6,91
2022-11-16 19:56:19.242,25.2,45.6,89
2022-11-16 19:56:14.198,25.2,45.5,90
2022-11-16 19:56:09.154,25.2,45.5,91
2022-11-16 19:56:04.111,25.2,45.5,90
2022-11-16 19:55:59.067,25.2,45.6,90
2022-11-16 19:55:54.023,25.2,45.6,91
2022-11-16 19:55:48.979,25.2,45.6,89
2022-11-16 19:55:43.935,25.2,45.5,90
2022-11-16 19:55:38.891,25.3,45.6,88
2022-11-16 19:55:33.848,25.2,45.6,91
2022-11-16 19:55:28.803,25.2,45.5,90
2022-11-16 19:55:23.761,25.2,45.5,90
2022-11-16 19:55:18.717,25.2,45.5,90
2022-11-16 19:55:13.673,25.2,45.7,90
2022-11-16 19:55:08.628,25.2,45.7,90
2022-11-16 19:55:03.584,25.2,45.5,90
2022-11-16 19:54:58.542,25.2,45.5,78
2022-11-16 19:54:53.498,25.2,45.5,89
2022-11-16 19:54:48.453,25.2,45.5,89
2022-11-16 19:54:43.411,25.2,45.4,89
2022-11-16 19:54:38.371,25.2,45.5,90
2022-11-16 19:54:33.323,25.2,45.6,90
2022-11-16 19:54:28.280,25.2,45.6,90
2022-11-16 19:54:23.236,25.2,45.7,89
2022-11-16 19:54:18.192,25.2,45.7,89
2022-11-16 19:54:13.149,25.2,45.7,89
2022-11-16 19:54:08.106,25.2,45.7,89
2022-11-16 19:54:03.061,25.2,45.8,89
2022-11-16 19:53:58.017,25.2,45.7,90
2022-11-16 19:53:52.973,25.2,45.7,88
2022-11-16 19:53:47.929,25.2,45.8,90
2022-11-16 19:53:42.885,25.2,45.7,89
